Joint,RMSE (Nm),Max Error (Nm),Mean Error (Nm),Relative Error (%)
Joint1,0.03229548721988911,0.11962775326786171,0.026914674657674314,5.732855176711846
Joint2,0.34393023748612606,0.6971506951575517,0.29943561952339814,8.032552430357692
Joint3,0.016344451590910934,0.025254153062412854,0.014671552850466438,0.6747860630822169
Joint4,0.003685351571844811,0.00950974039150182,0.0029401198496185775,1.4854633356929758
Joint5,0.05879735049908195,0.12986862453386327,0.0460196280025827,13.608679015050413
Joint6,0.0010569069188582397,0.0019476674131400085,0.0008915369189373549,0.323553432583352
Average,0.07601829754778518,0.1638931056377219,0.06514552196711292,4.976314908913083
