Joint,RMSE (Nm),Max Error (Nm),Mean Error (Nm),Relative Error (%)
Joint1,3.569797e-02,9.485945e-02,2.871925e-02,6.32
Joint2,1.964106e-01,3.333781e-01,1.792731e-01,4.58
Joint3,1.427846e-01,2.468446e-01,1.291640e-01,5.86
Joint4,5.392985e-02,2.517981e-01,4.232668e-02,9.54
Joint5,2.865874e-02,5.488682e-02,2.469749e-02,23.26
Joint6,4.367425e-02,1.658225e-01,3.524170e-02,7.99
Average,8.352599e-02,1.912649e-01,7.323704e-02,9.59
