Joint,RMSE (Nm),Max Error (Nm),Mean Error (Nm),Relative Error (%)
Joint1,0.01471962459413506,0.03576599314322855,0.011800882315771841,15.43162456456047
Joint2,0.1590102724586746,0.2559425949694152,0.1394940575304667,4.798525317897911
Joint3,0.14816291757206732,0.21538390159300613,0.13495167926176083,6.291685361962722
Joint4,0.017832623460688226,0.05962528231446931,0.01427776086367947,27.185436577616994
Joint5,0.028402119770067194,0.0650575385158279,0.022305952429990734,23.2325302629372
Joint6,0.0004426641235094768,0.0014882370903039621,0.0003479329412501091,0.13868695419082835
Average,0.061428370329856964,0.10554392460437519,0.053863044223819954,12.846414839861021
