Joint,RMSE (Nm),Max Error (Nm),Mean Error (Nm),Relative Error (%)
Joint1,0.011156515432129326,0.0318213020652417,0.008371322502369388,5.8625290129062355
Joint2,0.19231049568090025,0.2989314752350847,0.17535555883039342,4.468405845494924
Joint3,0.14033993802074818,0.2152998870151155,0.12844005695654223,5.870457352648768
Joint4,0.017720958926028794,0.05079216350586746,0.013462988288332901,13.518303413638616
Joint5,0.02836078127814535,0.05214907046666806,0.024467271883941894,22.935758038185856
Joint6,0.0013319462721368223,0.0036978712699198,0.001054750301577992,1.5892587793078092
Average,0.06520343926834812,0.10878196159298287,0.058525324793859634,9.040785407030368
