Joint,RMSE (Nm),Max Error (Nm),Mean Error (Nm),Relative Error (%)
Joint1,0.021958773017798323,0.050843062665735406,0.019305796374802998,4.092290749231373
Joint2,0.22000059231784105,0.4294318144317266,0.18197429335595713,6.692351900305803
Joint3,0.01610933049451951,0.025210010934309857,0.01432216766179858,0.6817056291099401
Joint4,0.0036693034508794146,0.012774620903343956,0.0030567352649259125,2.240673985601953
Joint5,0.056068164525227566,0.12909704833862223,0.041472425645402634,13.55978354828948
Joint6,0.0010790888455588052,0.0020499048032076583,0.0008712190081136595,0.3380792207748787
Average,0.053147542108637445,0.10823441034615762,0.04350043955183349,4.600814172218905
